-- Adminer 4.8.1 MySQL 8.3.0 dump

SET NAMES utf8;
SET time_zone = '+00:00';
SET foreign_key_checks = 0;
SET sql_mode = 'NO_AUTO_VALUE_ON_ZERO';

SET NAMES utf8mb4;

DROP DATABASE IF EXISTS `cropsense`;
CREATE DATABASE `cropsense` /*!40100 DEFAULT CHARACTER SET utf8mb4 COLLATE utf8mb4_0900_ai_ci */ /*!80016 DEFAULT ENCRYPTION='N' */;
USE `cropsense`;

DROP TABLE IF EXISTS `dispositivos_arduino`;
CREATE TABLE `dispositivos_arduino` (
  `idDispositivo` int NOT NULL AUTO_INCREMENT,
  `idUsuario` int DEFAULT NULL,
  `nombre` varchar(50) NOT NULL,
  `ubicacion` varchar(100) DEFAULT NULL,
  `ultimaIP` varchar(15) CHARACTER SET utf8mb4 COLLATE utf8mb4_0900_ai_ci DEFAULT NULL,
  `fechaUltimaComunicacion` datetime DEFAULT NULL,
  `coordenadasGPS` point DEFAULT NULL,
  `mac` varchar(17) CHARACTER SET utf8mb4 COLLATE utf8mb4_0900_ai_ci DEFAULT NULL,
  PRIMARY KEY (`idDispositivo`),
  KEY `idUsuario` (`idUsuario`),
  CONSTRAINT `dispositivos_arduino_ibfk_1` FOREIGN KEY (`idUsuario`) REFERENCES `usuarios` (`idUsuario`)
) ENGINE=InnoDB DEFAULT CHARSET=utf8mb4 COLLATE=utf8mb4_0900_ai_ci;

INSERT INTO `dispositivos_arduino` (`idDispositivo`, `idUsuario`, `nombre`, `ubicacion`, `ultimaIP`, `fechaUltimaComunicacion`, `coordenadasGPS`, `mac`) VALUES
(6, NULL, 'Ard4', 'Aviles', NULL, NULL, ST_GeomFromText('POINT(43.550299 -5.922112)'), '3D:F2:C9:A6:B3:4F'),
(7, NULL, 'Ard4', 'Aviles', NULL, NULL, ST_GeomFromText('POINT(43.550299 -5.922112)'), '3D:F2:C9:A6:B3:6F'),
(8, NULL, 'Ard4', 'Aviles', '192.168.1.1', '2024-05-23 15:02:00', ST_GeomFromText('POINT(43.550299 -5.922112)'), 'AA:F2:C9:A6:B3:6F'),
(9, 1, 'Arduino de pruebas', 'Aviles', '192.168.1.131', '2024-07-02 19:00:40', ST_GeomFromText('POINT(43.550299 -5.922112)'), '10:52:1C:02:07:ED'),
(10, NULL, 'ADR1', 'Aviles', NULL, NULL, ST_GeomFromText('POINT(43.550299 -5.922112)'), 'DE:AD:BE:EF:FE:ED'),
(11, 1, 'prueba 2', 'Aviles', NULL, NULL, ST_GeomFromText('POINT(43.550299 -5.922112)'), '3D:F2:C9:A6:B3:6F');

DROP TABLE IF EXISTS `dispositivos_sensores`;
CREATE TABLE `dispositivos_sensores` (
  `idSensor` int NOT NULL AUTO_INCREMENT,
  `idDispositivo` int NOT NULL,
  `tipoSensor` enum('Temperatura','HumedadAire','HumedadTierra','TemperaturaTierra') CHARACTER SET utf8mb4 COLLATE utf8mb4_0900_ai_ci DEFAULT NULL,
  `pinesAsociados` varchar(50) DEFAULT NULL,
  `descripcion` varchar(255) DEFAULT NULL,
  PRIMARY KEY (`idSensor`),
  KEY `idDispositivo` (`idDispositivo`),
  CONSTRAINT `dispositivos_sensores_ibfk_1` FOREIGN KEY (`idDispositivo`) REFERENCES `dispositivos_arduino` (`idDispositivo`)
) ENGINE=InnoDB DEFAULT CHARSET=utf8mb4 COLLATE=utf8mb4_0900_ai_ci;

INSERT INTO `dispositivos_sensores` (`idSensor`, `idDispositivo`, `tipoSensor`, `pinesAsociados`, `descripcion`) VALUES
(1,	9,	'Temperatura',	'5',	'Sensor de temperatura DHT'),
(2,	9,	'HumedadAire',	'5',	'Sensor de humedad DHT'),
(3,	9,	'HumedadTierra',	'A0',	'Sensor de humedad tierra'),
(4,	9,	'TemperaturaTierra',	'4',	'Sensor de humedad tierra');

DROP TABLE IF EXISTS `lecturas_sensores`;
CREATE TABLE `lecturas_sensores` (
  `idLectura` int NOT NULL AUTO_INCREMENT,
  `idSensor` int NOT NULL,
  `fechaHora` datetime NOT NULL,
  `valor` float DEFAULT NULL,
  PRIMARY KEY (`idLectura`),
  KEY `idSensor` (`idSensor`),
  CONSTRAINT `lecturas_sensores_ibfk_1` FOREIGN KEY (`idSensor`) REFERENCES `dispositivos_sensores` (`idSensor`)
) ENGINE=InnoDB DEFAULT CHARSET=utf8mb4 COLLATE=utf8mb4_0900_ai_ci;

INSERT INTO `lecturas_sensores` (`idLectura`, `idSensor`, `fechaHora`, `valor`) VALUES
(908,	1,	'2024-06-01 13:53:44',	22.2),
(909,	2,	'2024-06-01 13:53:44',	63),
(910,	3,	'2024-06-01 13:53:44',	86),
(911,	4,	'2024-06-01 13:53:44',	21.6875),
(912,	1,	'2024-06-01 13:54:48',	22.2),
(913,	2,	'2024-06-01 13:54:48',	63),
(914,	3,	'2024-06-01 13:54:48',	89),
(915,	4,	'2024-06-01 13:54:48',	21.6875),
(916,	1,	'2024-06-01 13:55:51',	22.2),
(917,	2,	'2024-06-01 13:55:51',	63),
(918,	3,	'2024-06-01 13:55:51',	86),
(919,	4,	'2024-06-01 13:55:51',	21.6875),
(920,	1,	'2024-06-01 13:56:54',	22.2),
(921,	2,	'2024-06-01 13:56:54',	63),
(922,	3,	'2024-06-01 13:56:54',	89),
(923,	4,	'2024-06-01 13:56:54',	21.75),
(924,	1,	'2024-06-01 13:59:53',	22.3),
(925,	2,	'2024-06-01 13:59:53',	63),
(926,	3,	'2024-06-01 13:59:53',	86),
(927,	4,	'2024-06-01 13:59:53',	21.75),
(928,	1,	'2024-06-01 14:59:56',	22.6),
(929,	2,	'2024-06-01 14:59:56',	64),
(930,	3,	'2024-06-01 14:59:56',	120),
(931,	4,	'2024-06-01 14:59:56',	22.375),
(932,	1,	'2024-06-01 15:59:48',	23),
(933,	2,	'2024-06-01 15:59:48',	64),
(934,	3,	'2024-06-01 15:59:48',	119),
(935,	4,	'2024-06-01 15:59:48',	22.625),
(936,	1,	'2024-06-01 16:59:49',	23),
(937,	2,	'2024-06-01 16:59:49',	63),
(938,	3,	'2024-06-01 16:59:49',	119),
(939,	4,	'2024-06-01 16:59:49',	22.5625),
(940,	1,	'2024-06-01 17:59:50',	22.6),
(941,	2,	'2024-06-01 17:59:50',	63),
(942,	3,	'2024-06-01 17:59:50',	120),
(943,	4,	'2024-06-01 17:59:50',	22.5625),
(944,	1,	'2024-06-01 18:59:42',	23.4),
(945,	2,	'2024-06-01 18:59:42',	64),
(946,	3,	'2024-06-01 18:59:42',	119),
(947,	4,	'2024-06-01 18:59:42',	23.125),
(948,	1,	'2024-06-01 19:59:54',	23),
(949,	2,	'2024-06-01 19:59:54',	63),
(950,	3,	'2024-06-01 19:59:54',	119),
(951,	4,	'2024-06-01 19:59:54',	22.9375),
(952,	1,	'2024-06-01 20:59:39',	23.4),
(953,	2,	'2024-06-01 20:59:39',	64),
(954,	3,	'2024-06-01 20:59:39',	119),
(955,	4,	'2024-06-01 20:59:39',	23.25),
(956,	1,	'2024-06-01 21:59:50',	23),
(957,	2,	'2024-06-01 21:59:50',	65),
(958,	3,	'2024-06-01 21:59:50',	120),
(959,	4,	'2024-06-01 21:59:50',	23),
(960,	1,	'2024-06-03 14:59:52',	22.6),
(961,	2,	'2024-06-03 14:59:52',	67),
(962,	3,	'2024-06-03 14:59:52',	117),
(963,	4,	'2024-06-03 14:59:52',	22.5),
(964,	1,	'2024-06-03 15:59:52',	23),
(965,	2,	'2024-06-03 15:59:52',	67),
(966,	3,	'2024-06-03 15:59:52',	117),
(967,	4,	'2024-06-03 15:59:52',	22.8125),
(968,	1,	'2024-06-06 10:59:45',	23),
(969,	2,	'2024-06-06 10:59:45',	73),
(970,	3,	'2024-06-06 10:59:45',	128),
(971,	4,	'2024-06-06 10:59:45',	23.25),
(972,	1,	'2024-06-06 11:59:53',	23),
(973,	2,	'2024-06-06 11:59:53',	69),
(974,	3,	'2024-06-06 11:59:53',	128),
(975,	4,	'2024-06-06 11:59:53',	23.125),
(976,	1,	'2024-06-06 12:59:53',	23.4),
(977,	2,	'2024-06-06 12:59:53',	69),
(978,	3,	'2024-06-06 12:59:53',	128),
(979,	4,	'2024-06-06 12:59:53',	23.375),
(980,	1,	'2024-06-12 14:59:43',	23),
(981,	2,	'2024-06-12 14:59:43',	62),
(982,	3,	'2024-06-12 14:59:43',	13),
(983,	4,	'2024-06-12 14:59:43',	22.25),
(984,	1,	'2024-06-12 15:59:44',	22.6),
(985,	2,	'2024-06-12 15:59:44',	62),
(986,	3,	'2024-06-12 15:59:44',	14),
(987,	4,	'2024-06-12 15:59:44',	22.4375),
(988,	1,	'2024-06-12 17:59:55',	22.6),
(989,	2,	'2024-06-12 17:59:55',	60),
(990,	3,	'2024-06-12 17:59:55',	14),
(991,	4,	'2024-06-12 17:59:55',	22.4375),
(992,	1,	'2024-06-12 18:24:51',	22.6),
(993,	2,	'2024-06-12 18:24:51',	59),
(994,	3,	'2024-06-12 18:24:51',	94),
(995,	4,	'2024-06-12 18:24:51',	22.4375),
(996,	1,	'2024-06-12 18:25:47',	22.6),
(997,	2,	'2024-06-12 18:25:47',	59),
(998,	3,	'2024-06-12 18:25:47',	94),
(999,	4,	'2024-06-12 18:25:47',	22.4375),
(1000,	1,	'2024-06-12 18:59:40',	22.6),
(1001,	2,	'2024-06-12 18:59:40',	60),
(1002,	3,	'2024-06-12 18:59:40',	30),
(1003,	4,	'2024-06-12 18:59:40',	22.4375),
(1004,	1,	'2024-06-12 19:59:45',	22.6),
(1005,	2,	'2024-06-12 19:59:45',	61),
(1006,	3,	'2024-06-12 19:59:45',	30),
(1007,	4,	'2024-06-12 19:59:45',	22.5625),
(1008,	1,	'2024-06-20 11:59:51',	23),
(1009,	2,	'2024-06-20 11:59:51',	73),
(1010,	3,	'2024-06-20 11:59:51',	24),
(1011,	4,	'2024-06-20 11:59:51',	22.875),
(1012,	1,	'2024-06-21 16:59:38',	24.5),
(1013,	2,	'2024-06-21 16:59:38',	72),
(1014,	3,	'2024-06-21 16:59:38',	17),
(1015,	4,	'2024-06-21 16:59:38',	23.9375),
(1016,	1,	'2024-06-21 17:47:57',	24.5),
(1017,	2,	'2024-06-21 17:47:57',	73),
(1018,	3,	'2024-06-21 17:47:57',	17),
(1019,	4,	'2024-06-21 17:47:57',	24.125),
(1020,	1,	'2024-06-21 18:59:42',	24.5),
(1021,	2,	'2024-06-21 18:59:42',	73),
(1022,	3,	'2024-06-21 18:59:42',	18),
(1023,	4,	'2024-06-21 18:59:42',	24.3125),
(1024,	1,	'2024-06-21 19:59:56',	24.5),
(1025,	2,	'2024-06-21 19:59:56',	70),
(1026,	3,	'2024-06-21 19:59:56',	21),
(1027,	4,	'2024-06-21 19:59:56',	24.1875),
(1028,	1,	'2024-06-24 12:59:46',	23.4),
(1029,	2,	'2024-06-24 12:59:46',	73),
(1030,	3,	'2024-06-24 12:59:46',	20),
(1031,	4,	'2024-06-24 12:59:46',	23.1875),
(1032,	1,	'2024-06-24 13:59:41',	24.1),
(1033,	2,	'2024-06-24 13:59:41',	73),
(1034,	3,	'2024-06-24 13:59:41',	17),
(1035,	4,	'2024-06-24 13:59:41',	23.4375),
(1036,	1,	'2024-06-24 14:59:53',	24.1),
(1037,	2,	'2024-06-24 14:59:53',	72),
(1038,	3,	'2024-06-24 14:59:53',	17),
(1039,	4,	'2024-06-24 14:59:53',	23.5625),
(1040,	1,	'2024-06-24 15:59:40',	24.1),
(1041,	2,	'2024-06-24 15:59:40',	72),
(1042,	3,	'2024-06-24 15:59:40',	16),
(1043,	4,	'2024-06-24 15:59:40',	23.75),
(1044,	1,	'2024-06-24 16:59:48',	24.1),
(1045,	2,	'2024-06-24 16:59:48',	72),
(1046,	3,	'2024-06-24 16:59:48',	17),
(1047,	4,	'2024-06-24 16:59:48',	23.8125),
(1048,	1,	'2024-06-24 17:59:51',	24.1),
(1049,	2,	'2024-06-24 17:59:51',	71),
(1050,	3,	'2024-06-24 17:59:51',	17),
(1051,	4,	'2024-06-24 17:59:51',	23.8125),
(1052,	1,	'2024-06-25 02:59:49',	25.3),
(1053,	2,	'2024-06-25 02:59:49',	73),
(1054,	3,	'2024-06-25 02:59:49',	16),
(1055,	4,	'2024-06-25 02:59:49',	25),
(1056,	1,	'2024-06-25 11:59:44',	24.1),
(1057,	2,	'2024-06-25 11:59:44',	73),
(1058,	3,	'2024-06-25 11:59:44',	17),
(1059,	4,	'2024-06-25 11:59:44',	23.6875),
(1060,	1,	'2024-06-25 12:59:45',	24.8),
(1061,	2,	'2024-06-25 12:59:45',	72),
(1062,	3,	'2024-06-25 12:59:45',	15),
(1063,	4,	'2024-06-25 12:59:45',	24.125),
(1064,	1,	'2024-06-25 13:59:43',	25.8),
(1065,	2,	'2024-06-25 13:59:43',	72),
(1066,	3,	'2024-06-25 13:59:43',	13),
(1067,	4,	'2024-06-25 13:59:43',	24.9375),
(1068,	1,	'2024-06-27 11:59:42',	24.8),
(1069,	2,	'2024-06-27 11:59:42',	73),
(1070,	3,	'2024-06-27 11:59:42',	156),
(1071,	4,	'2024-06-27 11:59:42',	24.8125),
(1072,	1,	'2024-07-01 16:59:53',	24.1),
(1073,	2,	'2024-07-01 16:59:53',	69),
(1074,	3,	'2024-07-01 16:59:53',	14),
(1075,	4,	'2024-07-01 16:59:53',	23.875),
(1076,	1,	'2024-07-01 17:59:54',	24.1),
(1077,	2,	'2024-07-01 17:59:54',	68),
(1078,	3,	'2024-07-01 17:59:54',	15),
(1079,	4,	'2024-07-01 17:59:54',	24.125),
(1080,	1,	'2024-07-01 18:59:37',	24.8),
(1081,	2,	'2024-07-01 18:59:37',	69),
(1082,	3,	'2024-07-01 18:59:37',	14),
(1083,	4,	'2024-07-01 18:59:37',	24.5625),
(1084,	1,	'2024-07-01 19:59:52',	24.8),
(1085,	2,	'2024-07-01 19:59:52',	67),
(1086,	3,	'2024-07-01 19:59:52',	15),
(1087,	4,	'2024-07-01 19:59:52',	24.75),
(1088,	1,	'2024-07-01 20:59:49',	24.8),
(1089,	2,	'2024-07-01 20:59:49',	68),
(1090,	3,	'2024-07-01 20:59:49',	16),
(1091,	4,	'2024-07-01 20:59:49',	24.75),
(1092,	1,	'2024-07-01 21:59:45',	24.8),
(1093,	2,	'2024-07-01 21:59:45',	69),
(1094,	3,	'2024-07-01 21:59:45',	21),
(1095,	4,	'2024-07-01 21:59:45',	24.875),
(1096,	1,	'2024-07-02 11:59:50',	23.8),
(1097,	2,	'2024-07-02 11:59:50',	69),
(1098,	3,	'2024-07-02 11:59:50',	16),
(1099,	4,	'2024-07-02 11:59:50',	23.625),
(1100,	1,	'2024-07-02 12:59:55',	23.8),
(1101,	2,	'2024-07-02 12:59:55',	69),
(1102,	3,	'2024-07-02 12:59:55',	15),
(1103,	4,	'2024-07-02 12:59:55',	23.75),
(1104,	1,	'2024-07-02 13:59:44',	24.1),
(1105,	2,	'2024-07-02 13:59:44',	70),
(1106,	3,	'2024-07-02 13:59:44',	13),
(1107,	4,	'2024-07-02 13:59:44',	23.875),
(1108,	1,	'2024-07-02 14:59:54',	24.1),
(1109,	2,	'2024-07-02 14:59:54',	70),
(1110,	3,	'2024-07-02 14:59:54',	16),
(1111,	4,	'2024-07-02 14:59:54',	24.25),
(1112,	1,	'2024-07-02 15:59:53',	24.5),
(1113,	2,	'2024-07-02 15:59:53',	69),
(1114,	3,	'2024-07-02 15:59:53',	13),
(1115,	4,	'2024-07-02 15:59:53',	24.375),
(1116,	1,	'2024-07-02 16:59:50',	24.5),
(1117,	2,	'2024-07-02 16:59:50',	68),
(1118,	3,	'2024-07-02 16:59:50',	16),
(1119,	4,	'2024-07-02 16:59:50',	24.4375),
(1120,	1,	'2024-07-02 17:59:54',	24.5),
(1121,	2,	'2024-07-02 17:59:54',	67),
(1122,	3,	'2024-07-02 17:59:54',	16),
(1123,	4,	'2024-07-02 17:59:54',	24.5),
(1124,	1,	'2024-07-02 18:59:45',	24.5),
(1125,	2,	'2024-07-02 18:59:45',	66),
(1126,	3,	'2024-07-02 18:59:45',	13),
(1127,	4,	'2024-07-02 18:59:45',	24.375);

DROP TABLE IF EXISTS `registros_riego`;
CREATE TABLE `registros_riego` (
  `idRiego` int NOT NULL AUTO_INCREMENT,
  `idDispositivo` int NOT NULL,
  `fechaHoraInicio` datetime NOT NULL,
  `duracionMinutos` int DEFAULT NULL,
  PRIMARY KEY (`idRiego`),
  KEY `idDispositivo` (`idDispositivo`),
  CONSTRAINT `registros_riego_ibfk_1` FOREIGN KEY (`idDispositivo`) REFERENCES `dispositivos_arduino` (`idDispositivo`)
) ENGINE=InnoDB DEFAULT CHARSET=utf8mb4 COLLATE=utf8mb4_0900_ai_ci;


DROP TABLE IF EXISTS `usuarios`;
CREATE TABLE `usuarios` (
  `idUsuario` int NOT NULL AUTO_INCREMENT,
  `nombre` varchar(50) NOT NULL,
  `correoElectronico` varchar(100) DEFAULT NULL,
  `contraseña` varchar(100) NOT NULL,
  PRIMARY KEY (`idUsuario`),
  UNIQUE KEY `correoElectronico` (`correoElectronico`)
) ENGINE=InnoDB DEFAULT CHARSET=utf8mb4 COLLATE=utf8mb4_0900_ai_ci;

INSERT INTO `usuarios` (`idUsuario`, `nombre`, `correoElectronico`, `contraseña`) VALUES
(1,	'prueba',	'prueba@mail.com',	'$2a$10$GEMN1xXqAxj8Q61DQscaWOi0LXkSiUO935AVtRnbGDhHeCNw4YrVS'),
(3,	'prueba',	'aaa@mail.com',	'$2a$10$o2Twcbu4NR7e52yiegdXFOC.DsWrwlLkkqjUFLBEyx3e91vvvYGd6'),
(4,	'Diego',	'diegonzalez1097@gmail.com',	'$2a$10$qCLEfOtZhEK32ox2ZySlT.BIsV1adi2aStwNgRBmUON4I1z91vXAG'),
(5,	'Diego',	'diegondsa@gmail.com',	'$2a$10$34nGd7WSJunshinNKKxBoe4l1NA1yMlFgn1WIoz49Za8KcvO1vX2i'),
(6,	'Diego',	'sddfsdf@gmail.com',	'$2a$10$wwM8YBwWsRUaHhl4i6Ie8.VTr37QRKiaJd6RVa34LkQP5ufxYJdQa'),
(7,	'Diego',	'aaaa@mail.com',	'$2a$10$2oPkkokzkEhFBzNEYGfrFu6ztYyBmLlLqOXrNpb8altqEniqzb582');

-- 2024-07-05 08:34:44
